"level","levelTitle","anchor","anchorName","slotId","variantId","isClock","hour","minute","prompt","answer","choices","answerMode","presentation","family","category","broadClassification","operation","tableOrDivisor","hintMinnie","hintMoose","explanation","qualityFlags"
"LVL-0021","Rome","opticsTable","Optiektafel","optics-table-slot-1","optics-table-1a","false","","","6 × 12 = ?","72","66; 72; 78; 84","multipleChoice","bare","bare_multiplication","Bare multiplication, multiple choice","multiplication","multiplication","6","Denk aan de tafel van 6.","Splits de keersom in twee makkelijke stukken.","6 × 12 = 72.",""
"LVL-0021","Rome","opticsTable","Optiektafel","optics-table-slot-1","optics-table-1b","false","","","7 × 13 = ?","91","","open","bare","bare_multiplication","Bare multiplication, open answer","multiplication","multiplication","7","Denk aan de tafel van 7.","Splits de keersom in twee makkelijke stukken.","7 × 13 = 91.",""
"LVL-0021","Rome","opticsTable","Optiektafel","optics-table-slot-2","optics-table-2a","false","","","24 : 6 = ?","4","3; 4; 5; 6","multipleChoice","bare","bare_division","Bare division, multiple choice","division","multiplication","6","Welke keersom hoort hier omgekeerd bij?","Zoek welk getal keer de deler het totaal maakt.","24 : 6 = 4, want 6 × 4 = 24.",""
"LVL-0021","Rome","opticsTable","Optiektafel","optics-table-slot-2","optics-table-2b","false","","","Bij de spiegels liggen 6 rijen met 8 delen. Hoeveel delen zijn dat samen?","48","42; 48; 54; 60","multipleChoice","story","story_multiplication","Story multiplication, multiple choice","multiplication","multiplication","6","Zoek 6 groepjes van hetzelfde aantal.","Maak er eerst een keersom van en reken die rustig uit.","6 × 8 = 48.",""
"LVL-0021","Rome","opticsTable","Optiektafel","optics-table-slot-3","optics-table-3a","false","","","Leonardo tekent 7 vakken met 10 lijnen per vak. Hoeveel lijnen tekent hij?","70","","open","story","story_multiplication","Story multiplication, open answer","multiplication","multiplication","7","Zoek 7 groepjes van hetzelfde aantal.","Maak er eerst een keersom van en reken die rustig uit.","7 × 10 = 70.",""
"LVL-0021","Rome","opticsTable","Optiektafel","optics-table-slot-3","optics-table-3b","false","","","42 : 7 = ?","6","","open","bare","bare_division","Bare division, open answer","division","multiplication","7","Welke keersom hoort hier omgekeerd bij?","Zoek welk getal keer de deler het totaal maakt.","42 : 7 = 6, want 7 × 6 = 42.",""
"LVL-0021","Rome","opticsTable","Optiektafel","optics-table-slot-4","optics-table-4a","false","","","Bij de spiegels liggen eerst 28 onderdelen en Leonardo legt er 17 bij. Hoeveel onderdelen liggen er nu?","45","","open","story","measurement","Route, money, or other applied questions","applied","applied","","Kijk welke twee aantallen je samenneemt.","Tel eerst de tientallen en daarna de lossen.","28 + 17 = 45.",""
"LVL-0021","Rome","opticsTable","Optiektafel","optics-table-slot-4","optics-table-4b","false","","","Bij de spiegels maakt Sven van 24 meetkaartjes 8 gelijke stapels. Hoeveel kaartjes liggen op elke stapel?","3","2; 3; 4; 5","multipleChoice","story","story_division","Story division, multiple choice","division","multiplication","8","Verdeel het totaal in even grote groepen.","Gebruik de omgekeerde keersom met de deler.","24 : 8 = 3, want 8 × 3 = 24.",""
"LVL-0021","Rome","mechanicalModel","Mechanisch model","mechanical-model-slot-1","mechanical-model-1a","false","","","Bij de wielen verdeelt Sven 45 onderdelen over 9 gelijke bakken. Hoeveel onderdelen komen in elke bak?","5","","open","story","story_division","Story division, open answer","division","multiplication","9","Verdeel het totaal in even grote groepen.","Gebruik de omgekeerde keersom met de deler.","45 : 9 = 5, want 9 × 5 = 45.",""
"LVL-0021","Rome","mechanicalModel","Mechanisch model","mechanical-model-slot-1","mechanical-model-1b","false","","","8 × 9 = ?","72","64; 72; 80; 88","multipleChoice","bare","bare_multiplication","Bare multiplication, multiple choice","multiplication","multiplication","8","Denk aan de tafel van 8.","Splits de keersom in twee makkelijke stukken.","8 × 9 = 72.",""
"LVL-0021","Rome","mechanicalModel","Mechanisch model","mechanical-model-slot-2","mechanical-model-2a","false","","","9 × 9 = ?","81","","open","bare","bare_multiplication","Bare multiplication, open answer","multiplication","multiplication","9","Denk aan de tafel van 9.","Splits de keersom in twee makkelijke stukken.","9 × 9 = 81.",""
"LVL-0021","Rome","mechanicalModel","Mechanisch model","mechanical-model-slot-2","mechanical-model-2b","false","","","14 : 2 = ?","7","6; 7; 8; 9","multipleChoice","bare","bare_division","Bare division, multiple choice","division","multiplication","2","Welke keersom hoort hier omgekeerd bij?","Zoek welk getal keer de deler het totaal maakt.","14 : 2 = 7, want 2 × 7 = 14.",""
"LVL-0021","Rome","mechanicalModel","Mechanisch model","mechanical-model-slot-3","mechanical-model-3a","false","","","Bij de wielen liggen 8 rijen met 5 delen. Hoeveel delen zijn dat samen?","40","32; 40; 48; 56","multipleChoice","story","story_multiplication","Story multiplication, multiple choice","multiplication","multiplication","8","Zoek 8 groepjes van hetzelfde aantal.","Maak er eerst een keersom van en reken die rustig uit.","8 × 5 = 40.",""
"LVL-0021","Rome","mechanicalModel","Mechanisch model","mechanical-model-slot-3","mechanical-model-3b","false","","","Leonardo tekent 9 vakken met 7 lijnen per vak. Hoeveel lijnen tekent hij?","63","","open","story","story_multiplication","Story multiplication, open answer","multiplication","multiplication","9","Zoek 9 groepjes van hetzelfde aantal.","Maak er eerst een keersom van en reken die rustig uit.","9 × 7 = 63.",""
"LVL-0021","Rome","mechanicalModel","Mechanisch model","mechanical-model-slot-4","mechanical-model-4a","false","","","24 : 3 = ?","8","","open","bare","bare_division","Bare division, open answer","division","multiplication","3","Welke keersom hoort hier omgekeerd bij?","Zoek welk getal keer de deler het totaal maakt.","24 : 3 = 8, want 3 × 8 = 24.",""
"LVL-0021","Rome","mechanicalModel","Mechanisch model","mechanical-model-slot-4","mechanical-model-4b","false","","","Bij de wielen zijn 64 cm touw nodig en Sven gebruikt al 19 cm. Hoeveel cm blijft over?","45","","open","story","measurement","Route, money, or other applied questions","applied","applied","","Kijk wat er van het eerste aantal afgaat.","Trek eerst de tientallen af en daarna de lossen.","64 - 19 = 45.",""
"LVL-0021","Rome","centralCodex","Centrale codex","central-codex-slot-1","central-codex-1a","false","","","Bij de codexpagina's verdeelt Sven 12 onderdelen over 4 gelijke bakken. Hoeveel onderdelen komen in elke bak?","3","2; 3; 4; 5","multipleChoice","story","story_division","Story division, multiple choice","division","multiplication","4","Verdeel het totaal in even grote groepen.","Gebruik de omgekeerde keersom met de deler.","12 : 4 = 3, want 4 × 3 = 12.",""
"LVL-0021","Rome","centralCodex","Centrale codex","central-codex-slot-1","central-codex-1b","false","","","Leonardo verdeelt 25 stukjes bij de codexpagina's in 5 gelijke groepen. Hoeveel stukjes krijgt elke groep?","5","","open","story","story_division","Story division, open answer","division","multiplication","5","Verdeel het totaal in even grote groepen.","Gebruik de omgekeerde keersom met de deler.","25 : 5 = 5, want 5 × 5 = 25.",""
"LVL-0021","Rome","centralCodex","Centrale codex","central-codex-slot-2","central-codex-2a","false","","","2 × 3 = ?","6","4; 6; 8; 10","multipleChoice","bare","bare_multiplication","Bare multiplication, multiple choice","multiplication","multiplication","2","Denk aan de tafel van 2.","Splits de keersom in twee makkelijke stukken.","2 × 3 = 6.",""
"LVL-0021","Rome","centralCodex","Centrale codex","central-codex-slot-2","central-codex-2b","false","","","10 × 4 = ?","40","","open","bare","bare_multiplication","Bare multiplication, open answer","multiplication","multiplication","10","Denk aan de tafel van 10.","Splits de keersom in twee makkelijke stukken.","10 × 4 = 40.",""
"LVL-0021","Rome","centralCodex","Centrale codex","central-codex-slot-3","central-codex-3a","false","","","40 : 10 = ?","4","3; 4; 5; 6","multipleChoice","bare","bare_division","Bare division, multiple choice","division","multiplication","10","Welke keersom hoort hier omgekeerd bij?","Zoek welk getal keer de deler het totaal maakt.","40 : 10 = 4, want 10 × 4 = 40.",""
"LVL-0021","Rome","centralCodex","Centrale codex","central-codex-slot-3","central-codex-3b","false","","","Bij de codexpagina's liggen 2 rijen met 3 delen. Hoeveel delen zijn dat samen?","6","4; 6; 8; 10","multipleChoice","story","story_multiplication","Story multiplication, multiple choice","multiplication","multiplication","2","Zoek 2 groepjes van hetzelfde aantal.","Maak er eerst een keersom van en reken die rustig uit.","2 × 3 = 6.",""
"LVL-0021","Rome","centralCodex","Centrale codex","central-codex-slot-4","central-codex-4a","false","","","Leonardo tekent 3 vakken met 5 lijnen per vak. Hoeveel lijnen tekent hij?","15","","open","story","story_multiplication","Story multiplication, open answer","multiplication","multiplication","3","Zoek 3 groepjes van hetzelfde aantal.","Maak er eerst een keersom van en reken die rustig uit.","3 × 5 = 15.",""
"LVL-0021","Rome","centralCodex","Centrale codex","central-codex-slot-4","central-codex-4b","false","","","36 : 6 = ?","6","","open","bare","bare_division","Bare division, open answer","division","multiplication","6","Welke keersom hoort hier omgekeerd bij?","Zoek welk getal keer de deler het totaal maakt.","36 : 6 = 6, want 6 × 6 = 36.",""
"LVL-0021","Rome","engineeringTable","Bouwtafel","engineering-table-slot-1","engineering-table-1a","false","","","Sven meet bij de modeldelen eerst 35 cm en daarna nog 24 cm. Hoeveel cm is dat samen?","59","","open","story","measurement","Route, money, or other applied questions","applied","applied","","Kijk welke twee aantallen je samenneemt.","Tel eerst de tientallen en daarna de lossen.","35 + 24 = 59.",""
"LVL-0021","Rome","engineeringTable","Bouwtafel","engineering-table-slot-1","engineering-table-1b","false","","","Leonardo verdeelt 70 stukjes bij de modeldelen in 7 gelijke groepen. Hoeveel stukjes krijgt elke groep?","10","9; 10; 11; 12","multipleChoice","story","story_division","Story division, multiple choice","division","multiplication","7","Verdeel het totaal in even grote groepen.","Gebruik de omgekeerde keersom met de deler.","70 : 7 = 10, want 7 × 10 = 70.",""
"LVL-0021","Rome","engineeringTable","Bouwtafel","engineering-table-slot-2","engineering-table-2a","false","","","Bij de modeldelen maakt Sven van 24 meetkaartjes 8 gelijke stapels. Hoeveel kaartjes liggen op elke stapel?","3","","open","story","story_division","Story division, open answer","division","multiplication","8","Verdeel het totaal in even grote groepen.","Gebruik de omgekeerde keersom met de deler.","24 : 8 = 3, want 8 × 3 = 24.",""
"LVL-0021","Rome","engineeringTable","Bouwtafel","engineering-table-slot-2","engineering-table-2b","false","","","3 × 3 = ?","9","6; 9; 12; 15","multipleChoice","bare","bare_multiplication","Bare multiplication, multiple choice","multiplication","multiplication","3","Denk aan de tafel van 3.","Splits de keersom in twee makkelijke stukken.","3 × 3 = 9.",""
"LVL-0021","Rome","engineeringTable","Bouwtafel","engineering-table-slot-3","engineering-table-3a","false","","","4 × 3 = ?","12","","open","bare","bare_multiplication","Bare multiplication, open answer","multiplication","multiplication","4","Denk aan de tafel van 4.","Splits de keersom in twee makkelijke stukken.","4 × 3 = 12.",""
"LVL-0021","Rome","engineeringTable","Bouwtafel","engineering-table-slot-3","engineering-table-3b","false","","","63 : 9 = ?","7","6; 7; 8; 9","multipleChoice","bare","bare_division","Bare division, multiple choice","division","multiplication","9","Welke keersom hoort hier omgekeerd bij?","Zoek welk getal keer de deler het totaal maakt.","63 : 9 = 7, want 9 × 7 = 63.",""
"LVL-0021","Rome","engineeringTable","Bouwtafel","engineering-table-slot-4","engineering-table-4a","false","","","Bij de modeldelen liggen 4 rijen met 9 delen. Hoeveel delen zijn dat samen?","36","32; 36; 40; 44","multipleChoice","story","story_multiplication","Story multiplication, multiple choice","multiplication","multiplication","4","Zoek 4 groepjes van hetzelfde aantal.","Maak er eerst een keersom van en reken die rustig uit.","4 × 9 = 36.",""
"LVL-0021","Rome","engineeringTable","Bouwtafel","engineering-table-slot-4","engineering-table-4b","false","","","Leonardo tekent 5 vakken met 2 lijnen per vak. Hoeveel lijnen tekent hij?","10","","open","story","story_multiplication","Story multiplication, open answer","multiplication","multiplication","5","Zoek 5 groepjes van hetzelfde aantal.","Maak er eerst een keersom van en reken die rustig uit.","5 × 2 = 10.",""
"LVL-0022","Proceno","measuringTable","Meettafel","measuring-table-slot-1","measuring-table-1a","false","","","20 : 2 = ?","10","","open","bare","bare_division","Bare division, open answer","division","multiplication","2","Welke keersom hoort hier omgekeerd bij?","Zoek welk getal keer de deler het totaal maakt.","20 : 2 = 10, want 2 × 10 = 20.",""
"LVL-0022","Proceno","measuringTable","Meettafel","measuring-table-slot-1","measuring-table-1b","false","","","Leonardo heeft 90 gram materiaal bij de latten en gebruikt 27 gram. Hoeveel gram blijft over?","63","","open","story","measurement","Route, money, or other applied questions","applied","multiplication","27","Kijk wat er van het eerste aantal afgaat.","Trek eerst de tientallen af en daarna de lossen.","90 - 27 = 63.",""
"LVL-0022","Proceno","measuringTable","Meettafel","measuring-table-slot-2","measuring-table-2a","false","","","Bij de latten maakt Sven van 30 meetkaartjes 3 gelijke stapels. Hoeveel kaartjes liggen op elke stapel?","10","9; 10; 11; 12","multipleChoice","story","story_division","Story division, multiple choice","division","multiplication","3","Verdeel het totaal in even grote groepen.","Gebruik de omgekeerde keersom met de deler.","30 : 3 = 10, want 3 × 10 = 30.",""
"LVL-0022","Proceno","measuringTable","Meettafel","measuring-table-slot-2","measuring-table-2b","false","","","Bij de latten verdeelt Sven 12 onderdelen over 4 gelijke bakken. Hoeveel onderdelen komen in elke bak?","3","","open","story","story_division","Story division, open answer","division","multiplication","4","Verdeel het totaal in even grote groepen.","Gebruik de omgekeerde keersom met de deler.","12 : 4 = 3, want 4 × 3 = 12.",""
"LVL-0022","Proceno","measuringTable","Meettafel","measuring-table-slot-3","measuring-table-3a","false","","","5 × 3 = ?","15","10; 15; 20; 25","multipleChoice","bare","bare_multiplication","Bare multiplication, multiple choice","multiplication","multiplication","5","Denk aan de tafel van 5.","Splits de keersom in twee makkelijke stukken.","5 × 3 = 15.",""
"LVL-0022","Proceno","measuringTable","Meettafel","measuring-table-slot-3","measuring-table-3b","false","","","6 × 4 = ?","24","","open","bare","bare_multiplication","Bare multiplication, open answer","multiplication","multiplication","6","Denk aan de tafel van 6.","Splits de keersom in twee makkelijke stukken.","6 × 4 = 24.",""
"LVL-0022","Proceno","measuringTable","Meettafel","measuring-table-slot-4","measuring-table-4a","false","","","20 : 5 = ?","4","3; 4; 5; 6","multipleChoice","bare","bare_division","Bare division, multiple choice","division","multiplication","5","Welke keersom hoort hier omgekeerd bij?","Zoek welk getal keer de deler het totaal maakt.","20 : 5 = 4, want 5 × 4 = 20.",""
"LVL-0022","Proceno","measuringTable","Meettafel","measuring-table-slot-4","measuring-table-4b","false","","","Bij de latten liggen 10 rijen met 10 delen. Hoeveel delen zijn dat samen?","100","90; 100; 110; 120","multipleChoice","story","story_multiplication","Story multiplication, multiple choice","multiplication","multiplication","10","Zoek 10 groepjes van hetzelfde aantal.","Maak er eerst een keersom van en reken die rustig uit.","10 × 10 = 100.",""
"LVL-0022","Proceno","bridgeModel","Brugmodel","bridge-model-slot-1","bridge-model-1a","false","","","Leonardo tekent 6 vakken met 7 lijnen per vak. Hoeveel lijnen tekent hij?","42","","open","story","story_multiplication","Story multiplication, open answer","multiplication","multiplication","6","Zoek 6 groepjes van hetzelfde aantal.","Maak er eerst een keersom van en reken die rustig uit.","6 × 7 = 42.",""
"LVL-0022","Proceno","bridgeModel","Brugmodel","bridge-model-slot-1","bridge-model-1b","false","","","30 : 10 = ?","3","","open","bare","bare_division","Bare division, open answer","division","multiplication","10","Welke keersom hoort hier omgekeerd bij?","Zoek welk getal keer de deler het totaal maakt.","30 : 10 = 3, want 10 × 3 = 30.",""
"LVL-0022","Proceno","bridgeModel","Brugmodel","bridge-model-slot-2","bridge-model-2a","false","","","De proef bij de brugliggers duurt eerst 18 minuten en daarna nog 25 minuten. Hoeveel minuten duurt het samen?","43","","open","story","measurement","Route, money, or other applied questions","applied","applied","","Kijk welke twee aantallen je samenneemt.","Tel eerst de tientallen en daarna de lossen.","18 + 25 = 43.",""
"LVL-0022","Proceno","bridgeModel","Brugmodel","bridge-model-slot-2","bridge-model-2b","false","","","Bij de brugliggers verdeelt Sven 48 onderdelen over 6 gelijke bakken. Hoeveel onderdelen komen in elke bak?","8","7; 8; 9; 10","multipleChoice","story","story_division","Story division, multiple choice","division","multiplication","6","Verdeel het totaal in even grote groepen.","Gebruik de omgekeerde keersom met de deler.","48 : 6 = 8, want 6 × 8 = 48.",""
"LVL-0022","Proceno","bridgeModel","Brugmodel","bridge-model-slot-3","bridge-model-3a","false","","","Leonardo verdeelt 70 stukjes bij de brugliggers in 7 gelijke groepen. Hoeveel stukjes krijgt elke groep?","10","","open","story","story_division","Story division, open answer","division","multiplication","7","Verdeel het totaal in even grote groepen.","Gebruik de omgekeerde keersom met de deler.","70 : 7 = 10, want 7 × 10 = 70.",""
"LVL-0022","Proceno","bridgeModel","Brugmodel","bridge-model-slot-3","bridge-model-3b","false","","","7 × 11 = ?","77","70; 77; 84; 91","multipleChoice","bare","bare_multiplication","Bare multiplication, multiple choice","multiplication","multiplication","7","Denk aan de tafel van 7.","Splits de keersom in twee makkelijke stukken.","7 × 11 = 77.",""
"LVL-0022","Proceno","bridgeModel","Brugmodel","bridge-model-slot-4","bridge-model-4a","false","","","8 × 11 = ?","88","","open","bare","bare_multiplication","Bare multiplication, open answer","multiplication","multiplication","8","Denk aan de tafel van 8.","Splits de keersom in twee makkelijke stukken.","8 × 11 = 88.",""
"LVL-0022","Proceno","bridgeModel","Brugmodel","bridge-model-slot-4","bridge-model-4b","false","","","48 : 8 = ?","6","5; 6; 7; 8","multipleChoice","bare","bare_division","Bare division, multiple choice","division","multiplication","8","Welke keersom hoort hier omgekeerd bij?","Zoek welk getal keer de deler het totaal maakt.","48 : 8 = 6, want 8 × 6 = 48.",""
"LVL-0022","Proceno","wellWinch","Put en lier","well-winch-slot-1","well-winch-1a","false","","","Bij de emmers liggen 7 rijen met 2 delen. Hoeveel delen zijn dat samen?","14","7; 14; 21; 28","multipleChoice","story","story_multiplication","Story multiplication, multiple choice","multiplication","multiplication","7","Zoek 7 groepjes van hetzelfde aantal.","Maak er eerst een keersom van en reken die rustig uit.","7 × 2 = 14.",""
"LVL-0022","Proceno","wellWinch","Put en lier","well-winch-slot-1","well-winch-1b","false","","","Leonardo tekent 8 vakken met 4 lijnen per vak. Hoeveel lijnen tekent hij?","32","","open","story","story_multiplication","Story multiplication, open answer","multiplication","multiplication","8","Zoek 8 groepjes van hetzelfde aantal.","Maak er eerst een keersom van en reken die rustig uit.","8 × 4 = 32.",""
"LVL-0022","Proceno","wellWinch","Put en lier","well-winch-slot-2","well-winch-2a","false","","","54 : 9 = ?","6","","open","bare","bare_division","Bare division, open answer","division","multiplication","9","Welke keersom hoort hier omgekeerd bij?","Zoek welk getal keer de deler het totaal maakt.","54 : 9 = 6, want 9 × 6 = 54.",""
"LVL-0022","Proceno","wellWinch","Put en lier","well-winch-slot-2","well-winch-2b","false","","","Bij de emmers ligt 72 cm lat en Sven zaagt 38 cm af. Hoeveel cm blijft over?","34","","open","story","measurement","Route, money, or other applied questions","applied","multiplication","38","Kijk wat er van het eerste aantal afgaat.","Trek eerst de tientallen af en daarna de lossen.","72 - 38 = 34.",""
"LVL-0022","Proceno","wellWinch","Put en lier","well-winch-slot-3","well-winch-3a","false","","","Leonardo verdeelt 16 stukjes bij de emmers in 2 gelijke groepen. Hoeveel stukjes krijgt elke groep?","8","7; 8; 9; 10","multipleChoice","story","story_division","Story division, multiple choice","division","multiplication","2","Verdeel het totaal in even grote groepen.","Gebruik de omgekeerde keersom met de deler.","16 : 2 = 8, want 2 × 8 = 16.",""
"LVL-0022","Proceno","wellWinch","Put en lier","well-winch-slot-3","well-winch-3b","false","","","Bij de emmers maakt Sven van 30 meetkaartjes 3 gelijke stapels. Hoeveel kaartjes liggen op elke stapel?","10","","open","story","story_division","Story division, open answer","division","multiplication","3","Verdeel het totaal in even grote groepen.","Gebruik de omgekeerde keersom met de deler.","30 : 3 = 10, want 3 × 10 = 30.",""
"LVL-0022","Proceno","wellWinch","Put en lier","well-winch-slot-4","well-winch-4a","false","","","9 × 2 = ?","18","9; 18; 27; 36","multipleChoice","bare","bare_multiplication","Bare multiplication, multiple choice","multiplication","multiplication","9","Denk aan de tafel van 9.","Splits de keersom in twee makkelijke stukken.","9 × 2 = 18.",""
"LVL-0022","Proceno","wellWinch","Put en lier","well-winch-slot-4","well-winch-4b","false","","","2 × 4 = ?","8","","open","bare","bare_multiplication","Bare multiplication, open answer","multiplication","multiplication","2","Denk aan de tafel van 2.","Splits de keersom in twee makkelijke stukken.","2 × 4 = 8.",""
"LVL-0022","Proceno","gateMechanism","Poortmechanisme","gate-mechanism-slot-1","gate-mechanism-1a","false","","","8 : 4 = ?","2","1; 2; 3; 4","multipleChoice","bare","bare_division","Bare division, multiple choice","division","multiplication","4","Welke keersom hoort hier omgekeerd bij?","Zoek welk getal keer de deler het totaal maakt.","8 : 4 = 2, want 4 × 2 = 8.",""
"LVL-0022","Proceno","gateMechanism","Poortmechanisme","gate-mechanism-slot-1","gate-mechanism-1b","false","","","Bij de kettingen liggen 9 rijen met 8 delen. Hoeveel delen zijn dat samen?","72","63; 72; 81; 90","multipleChoice","story","story_multiplication","Story multiplication, multiple choice","multiplication","multiplication","9","Zoek 9 groepjes van hetzelfde aantal.","Maak er eerst een keersom van en reken die rustig uit.","9 × 8 = 72.",""
"LVL-0022","Proceno","gateMechanism","Poortmechanisme","gate-mechanism-slot-2","gate-mechanism-2a","false","","","Leonardo tekent 2 vakken met 2 lijnen per vak. Hoeveel lijnen tekent hij?","4","","open","story","story_multiplication","Story multiplication, open answer","multiplication","multiplication","2","Zoek 2 groepjes van hetzelfde aantal.","Maak er eerst een keersom van en reken die rustig uit.","2 × 2 = 4.",""
"LVL-0022","Proceno","gateMechanism","Poortmechanisme","gate-mechanism-slot-2","gate-mechanism-2b","false","","","25 : 5 = ?","5","","open","bare","bare_division","Bare division, open answer","division","multiplication","5","Welke keersom hoort hier omgekeerd bij?","Zoek welk getal keer de deler het totaal maakt.","25 : 5 = 5, want 5 × 5 = 25.",""
"LVL-0022","Proceno","gateMechanism","Poortmechanisme","gate-mechanism-slot-3","gate-mechanism-3a","false","","","Leonardo telt bij de kettingen 46 markeringen en voegt er 29 toe. Hoeveel markeringen zijn er samen?","75","","open","story","measurement","Route, money, or other applied questions","applied","applied","","Kijk welke twee aantallen je samenneemt.","Tel eerst de tientallen en daarna de lossen.","46 + 29 = 75.",""
"LVL-0022","Proceno","gateMechanism","Poortmechanisme","gate-mechanism-slot-3","gate-mechanism-3b","false","","","Bij de kettingen maakt Sven van 42 meetkaartjes 6 gelijke stapels. Hoeveel kaartjes liggen op elke stapel?","7","6; 7; 8; 9","multipleChoice","story","story_division","Story division, multiple choice","division","multiplication","6","Verdeel het totaal in even grote groepen.","Gebruik de omgekeerde keersom met de deler.","42 : 6 = 7, want 6 × 7 = 42.",""
"LVL-0022","Proceno","gateMechanism","Poortmechanisme","gate-mechanism-slot-4","gate-mechanism-4a","false","","","Bij de kettingen verdeelt Sven 63 onderdelen over 7 gelijke bakken. Hoeveel onderdelen komen in elke bak?","9","","open","story","story_division","Story division, open answer","division","multiplication","7","Verdeel het totaal in even grote groepen.","Gebruik de omgekeerde keersom met de deler.","63 : 7 = 9, want 7 × 9 = 63.",""
"LVL-0022","Proceno","gateMechanism","Poortmechanisme","gate-mechanism-slot-4","gate-mechanism-4b","false","","","10 × 12 = ?","120","110; 120; 130; 140","multipleChoice","bare","bare_multiplication","Bare multiplication, multiple choice","multiplication","multiplication","10","Denk aan de tafel van 10.","Splits de keersom in twee makkelijke stukken.","10 × 12 = 120.",""
"LVL-0023","Umbrie","waterLevelPost","Waterstandspaal","water-level-post-slot-1","water-level-post-1a","false","","","3 × 8 = ?","24","","open","bare","bare_multiplication","Bare multiplication, open answer","multiplication","multiplication","3","Denk aan de tafel van 3.","Splits de keersom in twee makkelijke stukken.","3 × 8 = 24.",""
"LVL-0023","Umbrie","waterLevelPost","Waterstandspaal","water-level-post-slot-1","water-level-post-1b","false","","","24 : 8 = ?","3","2; 3; 4; 5","multipleChoice","bare","bare_division","Bare division, multiple choice","division","multiplication","8","Welke keersom hoort hier omgekeerd bij?","Zoek welk getal keer de deler het totaal maakt.","24 : 8 = 3, want 8 × 3 = 24.",""
"LVL-0023","Umbrie","waterLevelPost","Waterstandspaal","water-level-post-slot-2","water-level-post-2a","false","","","Bij de meetstrepen liggen 3 rijen met 6 delen. Hoeveel delen zijn dat samen?","18","15; 18; 21; 24","multipleChoice","story","story_multiplication","Story multiplication, multiple choice","multiplication","multiplication","3","Zoek 3 groepjes van hetzelfde aantal.","Maak er eerst een keersom van en reken die rustig uit.","3 × 6 = 18.",""
"LVL-0023","Umbrie","waterLevelPost","Waterstandspaal","water-level-post-slot-2","water-level-post-2b","false","","","Leonardo tekent 4 vakken met 8 lijnen per vak. Hoeveel lijnen tekent hij?","32","","open","story","story_multiplication","Story multiplication, open answer","multiplication","multiplication","4","Zoek 4 groepjes van hetzelfde aantal.","Maak er eerst een keersom van en reken die rustig uit.","4 × 8 = 32.",""
"LVL-0023","Umbrie","waterLevelPost","Waterstandspaal","water-level-post-slot-3","water-level-post-3a","false","","","36 : 9 = ?","4","","open","bare","bare_division","Bare division, open answer","division","multiplication","9","Welke keersom hoort hier omgekeerd bij?","Zoek welk getal keer de deler het totaal maakt.","36 : 9 = 4, want 9 × 4 = 36.",""
"LVL-0023","Umbrie","waterLevelPost","Waterstandspaal","water-level-post-slot-3","water-level-post-3b","false","","","Bij de meetstrepen staan 85 waterstrepen en Sven wist 16 proefstrepen weg. Hoeveel strepen blijven staan?","69","","open","story","measurement","Route, money, or other applied questions","applied","applied","","Kijk wat er van het eerste aantal afgaat.","Trek eerst de tientallen af en daarna de lossen.","85 - 16 = 69.",""
"LVL-0023","Umbrie","waterLevelPost","Waterstandspaal","water-level-post-slot-4","water-level-post-4a","false","","","Bij de meetstrepen verdeelt Sven 12 onderdelen over 6 gelijke bakken. Hoeveel onderdelen komen in elke bak?","2","1; 2; 3; 4","multipleChoice","story","story_division","Story division, multiple choice","division","multiplication","6","Verdeel het totaal in even grote groepen.","Gebruik de omgekeerde keersom met de deler.","12 : 6 = 2, want 6 × 2 = 12.",""
"LVL-0023","Umbrie","waterLevelPost","Waterstandspaal","water-level-post-slot-4","water-level-post-4b","false","","","Leonardo verdeelt 28 stukjes bij de meetstrepen in 7 gelijke groepen. Hoeveel stukjes krijgt elke groep?","4","","open","story","story_division","Story division, open answer","division","multiplication","7","Verdeel het totaal in even grote groepen.","Gebruik de omgekeerde keersom met de deler.","28 : 7 = 4, want 7 × 4 = 28.",""
"LVL-0023","Umbrie","valveWheel","Ventiel","valve-wheel-slot-1","valve-wheel-1a","false","","","4 × 5 = ?","20","16; 20; 24; 28","multipleChoice","bare","bare_multiplication","Bare multiplication, multiple choice","multiplication","multiplication","4","Denk aan de tafel van 4.","Splits de keersom in twee makkelijke stukken.","4 × 5 = 20.",""
"LVL-0023","Umbrie","valveWheel","Ventiel","valve-wheel-slot-1","valve-wheel-1b","false","","","5 × 6 = ?","30","","open","bare","bare_multiplication","Bare multiplication, open answer","multiplication","multiplication","5","Denk aan de tafel van 5.","Splits de keersom in twee makkelijke stukken.","5 × 6 = 30.",""
"LVL-0023","Umbrie","valveWheel","Ventiel","valve-wheel-slot-2","valve-wheel-2a","false","","","72 : 8 = ?","9","8; 9; 10; 11","multipleChoice","bare","bare_division","Bare division, multiple choice","division","multiplication","8","Welke keersom hoort hier omgekeerd bij?","Zoek welk getal keer de deler het totaal maakt.","72 : 8 = 9, want 8 × 9 = 72.",""
"LVL-0023","Umbrie","valveWheel","Ventiel","valve-wheel-slot-2","valve-wheel-2b","false","","","Bij de ventieldraaien liggen 5 rijen met 3 delen. Hoeveel delen zijn dat samen?","15","10; 15; 20; 25","multipleChoice","story","story_multiplication","Story multiplication, multiple choice","multiplication","multiplication","5","Zoek 5 groepjes van hetzelfde aantal.","Maak er eerst een keersom van en reken die rustig uit.","5 × 3 = 15.",""
"LVL-0023","Umbrie","valveWheel","Ventiel","valve-wheel-slot-3","valve-wheel-3a","false","","","Leonardo tekent 10 vakken met 9 lijnen per vak. Hoeveel lijnen tekent hij?","90","","open","story","story_multiplication","Story multiplication, open answer","multiplication","multiplication","10","Zoek 10 groepjes van hetzelfde aantal.","Maak er eerst een keersom van en reken die rustig uit.","10 × 9 = 90.",""
"LVL-0023","Umbrie","valveWheel","Ventiel","valve-wheel-slot-3","valve-wheel-3b","false","","","18 : 9 = ?","2","","open","bare","bare_division","Bare division, open answer","division","multiplication","9","Welke keersom hoort hier omgekeerd bij?","Zoek welk getal keer de deler het totaal maakt.","18 : 9 = 2, want 9 × 2 = 18.",""
"LVL-0023","Umbrie","valveWheel","Ventiel","valve-wheel-slot-4","valve-wheel-4a","false","","","6 × 8 = ?","48","42; 48; 54; 60","multipleChoice","bare","bare_multiplication","Bare multiplication, multiple choice","multiplication","multiplication","6","Denk aan de tafel van 6.","Splits de keersom in twee makkelijke stukken.","6 × 8 = 48.",""
"LVL-0023","Umbrie","valveWheel","Ventiel","valve-wheel-slot-4","valve-wheel-4b","false","","","7 × 9 = ?","63","","open","bare","bare_multiplication","Bare multiplication, open answer","multiplication","multiplication","7","Denk aan de tafel van 7.","Splits de keersom in twee makkelijke stukken.","7 × 9 = 63.",""
"LVL-0023","Umbrie","lockChambers","Sluiskamers","lock-chambers-slot-1","lock-chambers-1a","false","","","42 : 6 = ?","7","6; 7; 8; 9","multipleChoice","bare","bare_division","Bare division, multiple choice","division","multiplication","6","Welke keersom hoort hier omgekeerd bij?","Zoek welk getal keer de deler het totaal maakt.","42 : 6 = 7, want 6 × 7 = 42.",""
"LVL-0023","Umbrie","lockChambers","Sluiskamers","lock-chambers-slot-1","lock-chambers-1b","false","","","Sven legt bij de boten 6 stapels met 6 kleine onderdelen. Hoeveel onderdelen liggen er samen?","36","30; 36; 42; 48","multipleChoice","story","story_multiplication","Story multiplication, multiple choice","multiplication","multiplication","6","Zoek 6 groepjes van hetzelfde aantal.","Maak er eerst een keersom van en reken die rustig uit.","6 × 6 = 36.",""
"LVL-0023","Umbrie","lockChambers","Sluiskamers","lock-chambers-slot-2","lock-chambers-2a","false","","","Op de boten staan 7 groepjes van 8. Hoeveel zijn dat samen?","56","","open","story","story_multiplication","Story multiplication, open answer","multiplication","multiplication","7","Zoek 7 groepjes van hetzelfde aantal.","Maak er eerst een keersom van en reken die rustig uit.","7 × 8 = 56.",""
"LVL-0023","Umbrie","lockChambers","Sluiskamers","lock-chambers-slot-2","lock-chambers-2b","false","","","8 × 2 = ?","16","8; 16; 24; 32","multipleChoice","bare","bare_multiplication","Bare multiplication, multiple choice","multiplication","multiplication","8","Denk aan de tafel van 8.","Splits de keersom in twee makkelijke stukken.","8 × 2 = 16.",""
"LVL-0023","Umbrie","lockChambers","Sluiskamers","lock-chambers-slot-3","lock-chambers-3a","false","","","9 × 3 = ?","27","","open","bare","bare_multiplication","Bare multiplication, open answer","multiplication","multiplication","9","Denk aan de tafel van 9.","Splits de keersom in twee makkelijke stukken.","9 × 3 = 27.",""
"LVL-0023","Umbrie","lockChambers","Sluiskamers","lock-chambers-slot-3","lock-chambers-3b","false","","","63 : 7 = ?","9","8; 9; 10; 11","multipleChoice","bare","bare_division","Bare division, multiple choice","division","multiplication","7","Welke keersom hoort hier omgekeerd bij?","Zoek welk getal keer de deler het totaal maakt.","63 : 7 = 9, want 7 × 9 = 63.",""
"LVL-0023","Umbrie","lockChambers","Sluiskamers","lock-chambers-slot-4","lock-chambers-4a","false","","","Bij de boten liggen 8 rijen met 10 delen. Hoeveel delen zijn dat samen?","80","72; 80; 88; 96","multipleChoice","story","story_multiplication","Story multiplication, multiple choice","multiplication","multiplication","8","Zoek 8 groepjes van hetzelfde aantal.","Maak er eerst een keersom van en reken die rustig uit.","8 × 10 = 80.",""
"LVL-0023","Umbrie","lockChambers","Sluiskamers","lock-chambers-slot-4","lock-chambers-4b","false","","","Leonardo tekent 9 vakken met 3 lijnen per vak. Hoeveel lijnen tekent hij?","27","","open","story","story_multiplication","Story multiplication, open answer","multiplication","multiplication","9","Zoek 9 groepjes van hetzelfde aantal.","Maak er eerst een keersom van en reken die rustig uit.","9 × 3 = 27.",""
"LVL-0023","Umbrie","paddleWheel","Waterrad","paddle-wheel-slot-1","paddle-wheel-1a","false","","","2 × 9 = ?","18","16; 18; 20; 22","multipleChoice","bare","bare_multiplication","Bare multiplication, multiple choice","multiplication","multiplication","2","Denk aan de tafel van 2.","Splits de keersom in twee makkelijke stukken.","2 × 9 = 18.",""
"LVL-0023","Umbrie","paddleWheel","Waterrad","paddle-wheel-slot-1","paddle-wheel-1b","false","","","10 × 10 = ?","100","","open","bare","bare_multiplication","Bare multiplication, open answer","multiplication","multiplication","10","Denk aan de tafel van 10.","Splits de keersom in twee makkelijke stukken.","10 × 10 = 100.",""
"LVL-0023","Umbrie","paddleWheel","Waterrad","paddle-wheel-slot-2","paddle-wheel-2a","false","","","32 : 8 = ?","4","3; 4; 5; 6","multipleChoice","bare","bare_division","Bare division, multiple choice","division","multiplication","8","Welke keersom hoort hier omgekeerd bij?","Zoek welk getal keer de deler het totaal maakt.","32 : 8 = 4, want 8 × 4 = 32.",""
"LVL-0023","Umbrie","paddleWheel","Waterrad","paddle-wheel-slot-2","paddle-wheel-2b","false","","","Sven legt bij de schoepen 2 stapels met 6 kleine onderdelen. Hoeveel onderdelen liggen er samen?","12","10; 12; 14; 16","multipleChoice","story","story_multiplication","Story multiplication, multiple choice","multiplication","multiplication","2","Zoek 2 groepjes van hetzelfde aantal.","Maak er eerst een keersom van en reken die rustig uit.","2 × 6 = 12.",""
"LVL-0023","Umbrie","paddleWheel","Waterrad","paddle-wheel-slot-3","paddle-wheel-3a","false","","","Op de schoepen staan 3 groepjes van 8. Hoeveel zijn dat samen?","24","","open","story","story_multiplication","Story multiplication, open answer","multiplication","multiplication","3","Zoek 3 groepjes van hetzelfde aantal.","Maak er eerst een keersom van en reken die rustig uit.","3 × 8 = 24.",""
"LVL-0023","Umbrie","paddleWheel","Waterrad","paddle-wheel-slot-3","paddle-wheel-3b","false","","","3 × 12 = ?","36","33; 36; 39; 42","multipleChoice","bare","bare_multiplication","Bare multiplication, multiple choice","multiplication","multiplication","3","Denk aan de tafel van 3.","Splits de keersom in twee makkelijke stukken.","3 × 12 = 36.",""
"LVL-0023","Umbrie","paddleWheel","Waterrad","paddle-wheel-slot-4","paddle-wheel-4a","false","","","4 × 12 = ?","48","","open","bare","bare_multiplication","Bare multiplication, open answer","multiplication","multiplication","4","Denk aan de tafel van 4.","Splits de keersom in twee makkelijke stukken.","4 × 12 = 48.",""
"LVL-0023","Umbrie","paddleWheel","Waterrad","paddle-wheel-slot-4","paddle-wheel-4b","false","","","72 : 9 = ?","8","7; 8; 9; 10","multipleChoice","bare","bare_division","Bare division, multiple choice","division","multiplication","9","Welke keersom hoort hier omgekeerd bij?","Zoek welk getal keer de deler het totaal maakt.","72 : 9 = 8, want 9 × 8 = 72.",""
"LVL-0023","Umbrie","waterClock","Waterklok","water-clock-slot-1","water-clock-1a","true","2","0","Hoe laat is het?","Twee uur","Twee uur; Drie uur; Kwart over twee; Half drie","multipleChoice","story","clock_reading","Clock","clock","none","","Kijk eerst naar de grote wijzer.","Gebruik daarna de kleine wijzer om het uur te vinden.","De wijzers tonen Twee uur.",""
"LVL-0023","Umbrie","waterClock","Waterklok","water-clock-slot-1","water-clock-1b","true","4","15","Welke tijd staat op de klok?","Kwart over vier","Kwart over vier; Kwart over vijf; Half vijf; Kwart voor vijf","multipleChoice","story","clock_reading","Clock","clock","none","","Kijk eerst naar de grote wijzer.","Gebruik daarna de kleine wijzer om het uur te vinden.","De wijzers tonen Kwart over vier.",""
"LVL-0023","Umbrie","waterClock","Waterklok","water-clock-slot-2","water-clock-2a","true","6","30","Hoe laat is het?","Half zeven","Half zeven; Half acht; Kwart voor zeven; Zes uur","multipleChoice","story","clock_reading","Clock","clock","none","","Kijk eerst naar de grote wijzer.","Gebruik daarna de kleine wijzer om het uur te vinden.","De wijzers tonen Half zeven.",""
"LVL-0023","Umbrie","waterClock","Waterklok","water-clock-slot-2","water-clock-2b","true","8","45","Welke tijd staat op de klok?","Kwart voor negen","Kwart voor negen; Kwart voor tien; Acht uur; Kwart over acht","multipleChoice","story","clock_reading","Clock","clock","none","","Kijk eerst naar de grote wijzer.","Gebruik daarna de kleine wijzer om het uur te vinden.","De wijzers tonen Kwart voor negen.",""
"LVL-0023","Umbrie","waterClock","Waterklok","water-clock-slot-3","water-clock-3a","true","10","5","Hoe laat is het?","Vijf over tien","Vijf over tien; Vijf over elf; Tien voor half elf; Vijf over half elf","multipleChoice","story","clock_reading","Clock","clock","none","","Kijk eerst naar de grote wijzer.","Gebruik daarna de kleine wijzer om het uur te vinden.","De wijzers tonen Vijf over tien.",""
"LVL-0023","Umbrie","waterClock","Waterklok","water-clock-slot-3","water-clock-3b","true","12","20","Welke tijd staat op de klok?","Tien voor half een","Tien voor half een; Tien voor half twee; Vijf over half een; Tien voor een","multipleChoice","story","clock_reading","Clock","clock","none","","Kijk eerst naar de grote wijzer.","Gebruik daarna de kleine wijzer om het uur te vinden.","De wijzers tonen Tien voor half een.",""
"LVL-0023","Umbrie","waterClock","Waterklok","water-clock-slot-4","water-clock-4a","true","3","35","Hoe laat is het?","Vijf over half vier","Vijf over half vier; Vijf over half vijf; Tien voor vier; Vijf over drie","multipleChoice","story","clock_reading","Clock","clock","none","","Kijk eerst naar de grote wijzer.","Gebruik daarna de kleine wijzer om het uur te vinden.","De wijzers tonen Vijf over half vier.",""
"LVL-0023","Umbrie","waterClock","Waterklok","water-clock-slot-4","water-clock-4b","true","5","50","Welke tijd staat op de klok?","Tien voor zes","Tien voor zes; Tien voor zeven; Vijf over vijf; Tien voor half zes","multipleChoice","story","clock_reading","Clock","clock","none","","Kijk eerst naar de grote wijzer.","Gebruik daarna de kleine wijzer om het uur te vinden.","De wijzers tonen Tien voor zes.",""
"LVL-0024","Marche","wingRack","Vleugelmeetrek","wing-rack-slot-1","wing-rack-1a","false","","","Bij de ribben liggen 4 rijen met 10 delen. Hoeveel delen zijn dat samen?","40","36; 40; 44; 48","multipleChoice","story","story_multiplication","Story multiplication, multiple choice","multiplication","multiplication","4","Zoek 4 groepjes van hetzelfde aantal.","Maak er eerst een keersom van en reken die rustig uit.","4 × 10 = 40.",""
"LVL-0024","Marche","wingRack","Vleugelmeetrek","wing-rack-slot-1","wing-rack-1b","false","","","Leonardo tekent 5 vakken met 3 lijnen per vak. Hoeveel lijnen tekent hij?","15","","open","story","story_multiplication","Story multiplication, open answer","multiplication","multiplication","5","Zoek 5 groepjes van hetzelfde aantal.","Maak er eerst een keersom van en reken die rustig uit.","5 × 3 = 15.",""
"LVL-0024","Marche","wingRack","Vleugelmeetrek","wing-rack-slot-2","wing-rack-2a","false","","","5 × 13 = ?","65","60; 65; 70; 75","multipleChoice","bare","bare_multiplication","Bare multiplication, multiple choice","multiplication","multiplication","5","Denk aan de tafel van 5.","Splits de keersom in twee makkelijke stukken.","5 × 13 = 65.",""
"LVL-0024","Marche","wingRack","Vleugelmeetrek","wing-rack-slot-2","wing-rack-2b","false","","","6 × 2 = ?","12","","open","bare","bare_multiplication","Bare multiplication, open answer","multiplication","multiplication","6","Denk aan de tafel van 6.","Splits de keersom in twee makkelijke stukken.","6 × 2 = 12.",""
"LVL-0024","Marche","wingRack","Vleugelmeetrek","wing-rack-slot-3","wing-rack-3a","false","","","30 : 6 = ?","5","4; 5; 6; 7","multipleChoice","bare","bare_division","Bare division, multiple choice","division","multiplication","6","Welke keersom hoort hier omgekeerd bij?","Zoek welk getal keer de deler het totaal maakt.","30 : 6 = 5, want 6 × 5 = 30.",""
"LVL-0024","Marche","wingRack","Vleugelmeetrek","wing-rack-slot-3","wing-rack-3b","false","","","Sven legt bij de ribben 6 stapels met 5 kleine onderdelen. Hoeveel onderdelen liggen er samen?","30","24; 30; 36; 42","multipleChoice","story","story_multiplication","Story multiplication, multiple choice","multiplication","multiplication","6","Zoek 6 groepjes van hetzelfde aantal.","Maak er eerst een keersom van en reken die rustig uit.","6 × 5 = 30.",""
"LVL-0024","Marche","wingRack","Vleugelmeetrek","wing-rack-slot-4","wing-rack-4a","false","","","Op de ribben staan 7 groepjes van 7. Hoeveel zijn dat samen?","49","","open","story","story_multiplication","Story multiplication, open answer","multiplication","multiplication","7","Zoek 7 groepjes van hetzelfde aantal.","Maak er eerst een keersom van en reken die rustig uit.","7 × 7 = 49.",""
"LVL-0024","Marche","wingRack","Vleugelmeetrek","wing-rack-slot-4","wing-rack-4b","false","","","7 × 4 = ?","28","21; 28; 35; 42","multipleChoice","bare","bare_multiplication","Bare multiplication, multiple choice","multiplication","multiplication","7","Denk aan de tafel van 7.","Splits de keersom in twee makkelijke stukken.","7 × 4 = 28.",""
"LVL-0024","Marche","counterweights","Tegengewichten","counterweights-slot-1","counterweights-1a","false","","","8 × 8 = ?","64","","open","bare","bare_multiplication","Bare multiplication, open answer","multiplication","multiplication","8","Denk aan de tafel van 8.","Splits de keersom in twee makkelijke stukken.","8 × 8 = 64.",""
"LVL-0024","Marche","counterweights","Tegengewichten","counterweights-slot-1","counterweights-1b","false","","","49 : 7 = ?","7","6; 7; 8; 9","multipleChoice","bare","bare_division","Bare division, multiple choice","division","multiplication","7","Welke keersom hoort hier omgekeerd bij?","Zoek welk getal keer de deler het totaal maakt.","49 : 7 = 7, want 7 × 7 = 49.",""
"LVL-0024","Marche","counterweights","Tegengewichten","counterweights-slot-2","counterweights-2a","false","","","Bij de gewichten liggen 8 rijen met 9 delen. Hoeveel delen zijn dat samen?","72","64; 72; 80; 88","multipleChoice","story","story_multiplication","Story multiplication, multiple choice","multiplication","multiplication","8","Zoek 8 groepjes van hetzelfde aantal.","Maak er eerst een keersom van en reken die rustig uit.","8 × 9 = 72.",""
"LVL-0024","Marche","counterweights","Tegengewichten","counterweights-slot-2","counterweights-2b","false","","","Leonardo tekent 9 vakken met 2 lijnen per vak. Hoeveel lijnen tekent hij?","18","","open","story","story_multiplication","Story multiplication, open answer","multiplication","multiplication","9","Zoek 9 groepjes van hetzelfde aantal.","Maak er eerst een keersom van en reken die rustig uit.","9 × 2 = 18.",""
"LVL-0024","Marche","counterweights","Tegengewichten","counterweights-slot-3","counterweights-3a","false","","","9 × 10 = ?","90","81; 90; 99; 108","multipleChoice","bare","bare_multiplication","Bare multiplication, multiple choice","multiplication","multiplication","9","Denk aan de tafel van 9.","Splits de keersom in twee makkelijke stukken.","9 × 10 = 90.",""
"LVL-0024","Marche","counterweights","Tegengewichten","counterweights-slot-3","counterweights-3b","false","","","2 × 11 = ?","22","","open","bare","bare_multiplication","Bare multiplication, open answer","multiplication","multiplication","2","Denk aan de tafel van 2.","Splits de keersom in twee makkelijke stukken.","2 × 11 = 22.",""
"LVL-0024","Marche","counterweights","Tegengewichten","counterweights-slot-4","counterweights-4a","false","","","64 : 8 = ?","8","7; 8; 9; 10","multipleChoice","bare","bare_division","Bare division, multiple choice","division","multiplication","8","Welke keersom hoort hier omgekeerd bij?","Zoek welk getal keer de deler het totaal maakt.","64 : 8 = 8, want 8 × 8 = 64.",""
"LVL-0024","Marche","counterweights","Tegengewichten","counterweights-slot-4","counterweights-4b","false","","","Sven legt bij de gewichten 6 stapels met 9 kleine onderdelen. Hoeveel onderdelen liggen er samen?","54","48; 54; 60; 66","multipleChoice","story","story_multiplication","Story multiplication, multiple choice","multiplication","multiplication","6","Zoek 6 groepjes van hetzelfde aantal.","Maak er eerst een keersom van en reken die rustig uit.","6 × 9 = 54.",""
"LVL-0024","Marche","flightControls","Testbediening","flight-controls-slot-1","flight-controls-1a","true","1","10","Hoe laat is het?","Tien over een","Tien over een; Tien over twee; Vijf voor half twee; Tien over half twee","multipleChoice","story","clock_reading","Clock","clock","none","","Kijk eerst naar de grote wijzer.","Gebruik daarna de kleine wijzer om het uur te vinden.","De wijzers tonen Tien over een.",""
"LVL-0024","Marche","flightControls","Testbediening","flight-controls-slot-1","flight-controls-1b","true","7","25","Welke tijd staat op de klok?","Vijf voor half acht","Vijf voor half acht; Vijf voor half negen; Tien over half acht; Vijf voor acht","multipleChoice","story","clock_reading","Clock","clock","none","","Kijk eerst naar de grote wijzer.","Gebruik daarna de kleine wijzer om het uur te vinden.","De wijzers tonen Vijf voor half acht.",""
"LVL-0024","Marche","flightControls","Testbediening","flight-controls-slot-2","flight-controls-2a","true","9","40","Hoe laat is het?","Tien over half tien","Tien over half tien; Tien over half elf; Vijf voor tien; Tien over negen","multipleChoice","story","clock_reading","Clock","clock","none","","Kijk eerst naar de grote wijzer.","Gebruik daarna de kleine wijzer om het uur te vinden.","De wijzers tonen Tien over half tien.",""
"LVL-0024","Marche","flightControls","Testbediening","flight-controls-slot-2","flight-controls-2b","true","11","55","Welke tijd staat op de klok?","Vijf voor twaalf","Vijf voor twaalf; Vijf voor een; Tien over elf; Vijf voor half twaalf","multipleChoice","story","clock_reading","Clock","clock","none","","Kijk eerst naar de grote wijzer.","Gebruik daarna de kleine wijzer om het uur te vinden.","De wijzers tonen Vijf voor twaalf.",""
"LVL-0024","Marche","flightControls","Testbediening","flight-controls-slot-3","flight-controls-3a","true","3","0","Hoe laat is het?","Drie uur","Drie uur; Vier uur; Kwart over drie; Half vier","multipleChoice","story","clock_reading","Clock","clock","none","","Kijk eerst naar de grote wijzer.","Gebruik daarna de kleine wijzer om het uur te vinden.","De wijzers tonen Drie uur.",""
"LVL-0024","Marche","flightControls","Testbediening","flight-controls-slot-3","flight-controls-3b","true","5","15","Welke tijd staat op de klok?","Kwart over vijf","Kwart over vijf; Kwart over zes; Half zes; Kwart voor zes","multipleChoice","story","clock_reading","Clock","clock","none","","Kijk eerst naar de grote wijzer.","Gebruik daarna de kleine wijzer om het uur te vinden.","De wijzers tonen Kwart over vijf.",""
"LVL-0024","Marche","flightControls","Testbediening","flight-controls-slot-4","flight-controls-4a","true","7","30","Hoe laat is het?","Half acht","Half acht; Half negen; Kwart voor acht; Zeven uur","multipleChoice","story","clock_reading","Clock","clock","none","","Kijk eerst naar de grote wijzer.","Gebruik daarna de kleine wijzer om het uur te vinden.","De wijzers tonen Half acht.",""
"LVL-0024","Marche","flightControls","Testbediening","flight-controls-slot-4","flight-controls-4b","true","9","45","Welke tijd staat op de klok?","Kwart voor tien","Kwart voor tien; Kwart voor elf; Negen uur; Kwart over negen","multipleChoice","story","clock_reading","Clock","clock","none","","Kijk eerst naar de grote wijzer.","Gebruik daarna de kleine wijzer om het uur te vinden.","De wijzers tonen Kwart voor tien.",""
"LVL-0024","Marche","wingFrame","Vleugelframe","wing-frame-slot-1","wing-frame-1a","false","","","Op de vleugelsecties staan 7 groepjes van 2. Hoeveel zijn dat samen?","14","","open","story","story_multiplication","Story multiplication, open answer","multiplication","multiplication","7","Zoek 7 groepjes van hetzelfde aantal.","Maak er eerst een keersom van en reken die rustig uit.","7 × 2 = 14.",""
"LVL-0024","Marche","wingFrame","Vleugelframe","wing-frame-slot-1","wing-frame-1b","false","","","10 × 11 = ?","110","100; 110; 120; 130","multipleChoice","bare","bare_multiplication","Bare multiplication, multiple choice","multiplication","multiplication","10","Denk aan de tafel van 10.","Splits de keersom in twee makkelijke stukken.","10 × 11 = 110.",""
"LVL-0024","Marche","wingFrame","Vleugelframe","wing-frame-slot-2","wing-frame-2a","false","","","3 × 11 = ?","33","","open","bare","bare_multiplication","Bare multiplication, open answer","multiplication","multiplication","3","Denk aan de tafel van 3.","Splits de keersom in twee makkelijke stukken.","3 × 11 = 33.",""
"LVL-0024","Marche","wingFrame","Vleugelframe","wing-frame-slot-2","wing-frame-2b","false","","","27 : 9 = ?","3","2; 3; 4; 5","multipleChoice","bare","bare_division","Bare division, multiple choice","division","multiplication","9","Welke keersom hoort hier omgekeerd bij?","Zoek welk getal keer de deler het totaal maakt.","27 : 9 = 3, want 9 × 3 = 27.",""
"LVL-0024","Marche","wingFrame","Vleugelframe","wing-frame-slot-3","wing-frame-3a","false","","","Bij de vleugelsecties liggen 8 rijen met 4 delen. Hoeveel delen zijn dat samen?","32","24; 32; 40; 48","multipleChoice","story","story_multiplication","Story multiplication, multiple choice","multiplication","multiplication","8","Zoek 8 groepjes van hetzelfde aantal.","Maak er eerst een keersom van en reken die rustig uit.","8 × 4 = 32.",""
"LVL-0024","Marche","wingFrame","Vleugelframe","wing-frame-slot-3","wing-frame-3b","false","","","Leonardo tekent 9 vakken met 6 lijnen per vak. Hoeveel lijnen tekent hij?","54","","open","story","story_multiplication","Story multiplication, open answer","multiplication","multiplication","9","Zoek 9 groepjes van hetzelfde aantal.","Maak er eerst een keersom van en reken die rustig uit.","9 × 6 = 54.",""
"LVL-0024","Marche","wingFrame","Vleugelframe","wing-frame-slot-4","wing-frame-4a","false","","","4 × 13 = ?","52","48; 52; 56; 60","multipleChoice","bare","bare_multiplication","Bare multiplication, multiple choice","multiplication","multiplication","4","Denk aan de tafel van 4.","Splits de keersom in twee makkelijke stukken.","4 × 13 = 52.",""
"LVL-0024","Marche","wingFrame","Vleugelframe","wing-frame-slot-4","wing-frame-4b","false","","","5 × 2 = ?","10","","open","bare","bare_multiplication","Bare multiplication, open answer","multiplication","multiplication","5","Denk aan de tafel van 5.","Splits de keersom in twee makkelijke stukken.","5 × 2 = 10.",""
"LVL-0025","Florence","perspectiveFrame","Perspectiefraam","perspective-frame-slot-1","perspective-frame-1a","false","","","6 × 11 = ?","66","60; 66; 72; 78","multipleChoice","bare","bare_multiplication","Bare multiplication, multiple choice","multiplication","multiplication","6","Denk aan de tafel van 6.","Splits de keersom in twee makkelijke stukken.","6 × 11 = 66.",""
"LVL-0025","Florence","perspectiveFrame","Perspectiefraam","perspective-frame-slot-1","perspective-frame-1b","false","","","7 × 12 = ?","84","","open","bare","bare_multiplication","Bare multiplication, open answer","multiplication","multiplication","7","Denk aan de tafel van 7.","Splits de keersom in twee makkelijke stukken.","7 × 12 = 84.",""
"LVL-0025","Florence","perspectiveFrame","Perspectiefraam","perspective-frame-slot-2","perspective-frame-2a","false","","","8 × 12 = ?","96","88; 96; 104; 112","multipleChoice","bare","bare_multiplication","Bare multiplication, multiple choice","multiplication","multiplication","8","Denk aan de tafel van 8.","Splits de keersom in twee makkelijke stukken.","8 × 12 = 96.",""
"LVL-0025","Florence","perspectiveFrame","Perspectiefraam","perspective-frame-slot-2","perspective-frame-2b","false","","","9 × 13 = ?","117","","open","bare","bare_multiplication","Bare multiplication, open answer","multiplication","multiplication","9","Denk aan de tafel van 9.","Splits de keersom in twee makkelijke stukken.","9 × 13 = 117.",""
"LVL-0025","Florence","perspectiveFrame","Perspectiefraam","perspective-frame-slot-3","perspective-frame-3a","false","","","2 × 13 = ?","26","24; 26; 28; 30","multipleChoice","bare","bare_multiplication","Bare multiplication, multiple choice","multiplication","multiplication","2","Denk aan de tafel van 2.","Splits de keersom in twee makkelijke stukken.","2 × 13 = 26.",""
"LVL-0025","Florence","perspectiveFrame","Perspectiefraam","perspective-frame-slot-3","perspective-frame-3b","false","","","10 × 2 = ?","20","","open","bare","bare_multiplication","Bare multiplication, open answer","multiplication","multiplication","10","Denk aan de tafel van 10.","Splits de keersom in twee makkelijke stukken.","10 × 2 = 20.",""
"LVL-0025","Florence","perspectiveFrame","Perspectiefraam","perspective-frame-slot-4","perspective-frame-4a","false","","","3 × 2 = ?","6","3; 6; 9; 12","multipleChoice","bare","bare_multiplication","Bare multiplication, multiple choice","multiplication","multiplication","3","Denk aan de tafel van 3.","Splits de keersom in twee makkelijke stukken.","3 × 2 = 6.",""
"LVL-0025","Florence","perspectiveFrame","Perspectiefraam","perspective-frame-slot-4","perspective-frame-4b","false","","","4 × 4 = ?","16","","open","bare","bare_multiplication","Bare multiplication, open answer","multiplication","multiplication","4","Denk aan de tafel van 4.","Splits de keersom in twee makkelijke stukken.","4 × 4 = 16.",""
"LVL-0025","Florence","geometricFloor","Geometrische vloer","geometric-floor-slot-1","geometric-floor-1a","false","","","5 × 4 = ?","20","15; 20; 25; 30","multipleChoice","bare","bare_multiplication","Bare multiplication, multiple choice","multiplication","multiplication","5","Denk aan de tafel van 5.","Splits de keersom in twee makkelijke stukken.","5 × 4 = 20.",""
"LVL-0025","Florence","geometricFloor","Geometrische vloer","geometric-floor-slot-1","geometric-floor-1b","false","","","6 × 5 = ?","30","","open","bare","bare_multiplication","Bare multiplication, open answer","multiplication","multiplication","6","Denk aan de tafel van 6.","Splits de keersom in twee makkelijke stukken.","6 × 5 = 30.",""
"LVL-0025","Florence","geometricFloor","Geometrische vloer","geometric-floor-slot-2","geometric-floor-2a","false","","","7 × 5 = ?","35","28; 35; 42; 49","multipleChoice","bare","bare_multiplication","Bare multiplication, multiple choice","multiplication","multiplication","7","Denk aan de tafel van 7.","Splits de keersom in twee makkelijke stukken.","7 × 5 = 35.",""
"LVL-0025","Florence","geometricFloor","Geometrische vloer","geometric-floor-slot-2","geometric-floor-2b","false","","","8 × 5 = ?","40","","open","bare","bare_multiplication","Bare multiplication, open answer","multiplication","multiplication","8","Denk aan de tafel van 8.","Splits de keersom in twee makkelijke stukken.","8 × 5 = 40.",""
"LVL-0025","Florence","geometricFloor","Geometrische vloer","geometric-floor-slot-3","geometric-floor-3a","false","","","9 × 5 = ?","45","36; 45; 54; 63","multipleChoice","bare","bare_multiplication","Bare multiplication, multiple choice","multiplication","multiplication","9","Denk aan de tafel van 9.","Splits de keersom in twee makkelijke stukken.","9 × 5 = 45.",""
"LVL-0025","Florence","geometricFloor","Geometrische vloer","geometric-floor-slot-3","geometric-floor-3b","false","","","2 × 6 = ?","12","","open","bare","bare_multiplication","Bare multiplication, open answer","multiplication","multiplication","2","Denk aan de tafel van 2.","Splits de keersom in twee makkelijke stukken.","2 × 6 = 12.",""
"LVL-0025","Florence","geometricFloor","Geometrische vloer","geometric-floor-slot-4","geometric-floor-4a","false","","","10 × 6 = ?","60","50; 60; 70; 80","multipleChoice","bare","bare_multiplication","Bare multiplication, multiple choice","multiplication","multiplication","10","Denk aan de tafel van 10.","Splits de keersom in twee makkelijke stukken.","10 × 6 = 60.",""
"LVL-0025","Florence","geometricFloor","Geometrische vloer","geometric-floor-slot-4","geometric-floor-4b","false","","","3 × 7 = ?","21","","open","bare","bare_multiplication","Bare multiplication, open answer","multiplication","multiplication","3","Denk aan de tafel van 3.","Splits de keersom in twee makkelijke stukken.","3 × 7 = 21.",""
"LVL-0025","Florence","pigmentTable","Pigmenttafel","pigment-table-slot-1","pigment-table-1a","false","","","4 × 2 = ?","8","4; 8; 12; 16","multipleChoice","bare","bare_multiplication","Bare multiplication, multiple choice","multiplication","multiplication","4","Denk aan de tafel van 4.","Splits de keersom in twee makkelijke stukken.","4 × 2 = 8.",""
"LVL-0025","Florence","pigmentTable","Pigmenttafel","pigment-table-slot-1","pigment-table-1b","false","","","5 × 5 = ?","25","","open","bare","bare_multiplication","Bare multiplication, open answer","multiplication","multiplication","5","Denk aan de tafel van 5.","Splits de keersom in twee makkelijke stukken.","5 × 5 = 25.",""
"LVL-0025","Florence","pigmentTable","Pigmenttafel","pigment-table-slot-2","pigment-table-2a","false","","","6 × 3 = ?","18","12; 18; 24; 30","multipleChoice","bare","bare_multiplication","Bare multiplication, multiple choice","multiplication","multiplication","6","Denk aan de tafel van 6.","Splits de keersom in twee makkelijke stukken.","6 × 3 = 18.",""
"LVL-0025","Florence","pigmentTable","Pigmenttafel","pigment-table-slot-2","pigment-table-2b","false","","","7 × 6 = ?","42","","open","bare","bare_multiplication","Bare multiplication, open answer","multiplication","multiplication","7","Denk aan de tafel van 7.","Splits de keersom in twee makkelijke stukken.","7 × 6 = 42.",""
"LVL-0025","Florence","pigmentTable","Pigmenttafel","pigment-table-slot-3","pigment-table-3a","false","","","8 × 4 = ?","32","24; 32; 40; 48","multipleChoice","bare","bare_multiplication","Bare multiplication, multiple choice","multiplication","multiplication","8","Denk aan de tafel van 8.","Splits de keersom in twee makkelijke stukken.","8 × 4 = 32.",""
"LVL-0025","Florence","pigmentTable","Pigmenttafel","pigment-table-slot-3","pigment-table-3b","false","","","9 × 6 = ?","54","","open","bare","bare_multiplication","Bare multiplication, open answer","multiplication","multiplication","9","Denk aan de tafel van 9.","Splits de keersom in twee makkelijke stukken.","9 × 6 = 54.",""
"LVL-0025","Florence","pigmentTable","Pigmenttafel","pigment-table-slot-4","pigment-table-4a","false","","","2 × 5 = ?","10","8; 10; 12; 14","multipleChoice","bare","bare_multiplication","Bare multiplication, multiple choice","multiplication","multiplication","2","Denk aan de tafel van 2.","Splits de keersom in twee makkelijke stukken.","2 × 5 = 10.",""
"LVL-0025","Florence","pigmentTable","Pigmenttafel","pigment-table-slot-4","pigment-table-4b","false","","","10 × 7 = ?","70","","open","bare","bare_multiplication","Bare multiplication, open answer","multiplication","multiplication","10","Denk aan de tafel van 10.","Splits de keersom in twee makkelijke stukken.","10 × 7 = 70.",""
"LVL-0025","Florence","pulleyPanel","Katrolpaneel","pulley-panel-slot-1","pulley-panel-1a","true","11","5","Hoe laat is het?","Vijf over elf","Vijf over elf; Vijf over twaalf; Tien voor half twaalf; Vijf over half twaalf","multipleChoice","story","clock_reading","Clock","clock","none","","Kijk eerst naar de grote wijzer.","Gebruik daarna de kleine wijzer om het uur te vinden.","De wijzers tonen Vijf over elf.",""
"LVL-0025","Florence","pulleyPanel","Katrolpaneel","pulley-panel-slot-1","pulley-panel-1b","true","1","20","Welke tijd staat op de klok?","Tien voor half twee","Tien voor half twee; Tien voor half drie; Vijf over half twee; Tien voor twee","multipleChoice","story","clock_reading","Clock","clock","none","","Kijk eerst naar de grote wijzer.","Gebruik daarna de kleine wijzer om het uur te vinden.","De wijzers tonen Tien voor half twee.",""
"LVL-0025","Florence","pulleyPanel","Katrolpaneel","pulley-panel-slot-2","pulley-panel-2a","true","4","35","Hoe laat is het?","Vijf over half vijf","Vijf over half vijf; Vijf over half zes; Tien voor vijf; Vijf over vier","multipleChoice","story","clock_reading","Clock","clock","none","","Kijk eerst naar de grote wijzer.","Gebruik daarna de kleine wijzer om het uur te vinden.","De wijzers tonen Vijf over half vijf.",""
"LVL-0025","Florence","pulleyPanel","Katrolpaneel","pulley-panel-slot-2","pulley-panel-2b","true","6","50","Welke tijd staat op de klok?","Tien voor zeven","Tien voor zeven; Tien voor acht; Vijf over zes; Tien voor half zeven","multipleChoice","story","clock_reading","Clock","clock","none","","Kijk eerst naar de grote wijzer.","Gebruik daarna de kleine wijzer om het uur te vinden.","De wijzers tonen Tien voor zeven.",""
"LVL-0025","Florence","pulleyPanel","Katrolpaneel","pulley-panel-slot-3","pulley-panel-3a","true","8","10","Hoe laat is het?","Tien over acht","Tien over acht; Tien over negen; Vijf voor half negen; Tien over half negen","multipleChoice","story","clock_reading","Clock","clock","none","","Kijk eerst naar de grote wijzer.","Gebruik daarna de kleine wijzer om het uur te vinden.","De wijzers tonen Tien over acht.",""
"LVL-0025","Florence","pulleyPanel","Katrolpaneel","pulley-panel-slot-3","pulley-panel-3b","true","10","25","Welke tijd staat op de klok?","Vijf voor half elf","Vijf voor half elf; Vijf voor half twaalf; Tien over half elf; Vijf voor elf","multipleChoice","story","clock_reading","Clock","clock","none","","Kijk eerst naar de grote wijzer.","Gebruik daarna de kleine wijzer om het uur te vinden.","De wijzers tonen Vijf voor half elf.",""
"LVL-0025","Florence","pulleyPanel","Katrolpaneel","pulley-panel-slot-4","pulley-panel-4a","true","12","40","Hoe laat is het?","Tien over half een","Tien over half een; Tien over half twee; Vijf voor een; Tien over twaalf","multipleChoice","story","clock_reading","Clock","clock","none","","Kijk eerst naar de grote wijzer.","Gebruik daarna de kleine wijzer om het uur te vinden.","De wijzers tonen Tien over half een.",""
"LVL-0025","Florence","pulleyPanel","Katrolpaneel","pulley-panel-slot-4","pulley-panel-4b","true","2","55","Welke tijd staat op de klok?","Vijf voor drie","Vijf voor drie; Vijf voor vier; Tien over twee; Vijf voor half drie","multipleChoice","story","clock_reading","Clock","clock","none","","Kijk eerst naar de grote wijzer.","Gebruik daarna de kleine wijzer om het uur te vinden.","De wijzers tonen Vijf voor drie.",""
"LVL-0026","Vinci","waterModel","Watermodel","water-model-slot-1","water-model-1a","false","","","3 × 6 = ?","18","15; 18; 21; 24","multipleChoice","bare","bare_multiplication","Bare multiplication, multiple choice","multiplication","multiplication","3","Denk aan de tafel van 3.","Splits de keersom in twee makkelijke stukken.","3 × 6 = 18.",""
"LVL-0026","Vinci","waterModel","Watermodel","water-model-slot-1","water-model-1b","false","","","4 × 7 = ?","28","","open","bare","bare_multiplication","Bare multiplication, open answer","multiplication","multiplication","4","Denk aan de tafel van 4.","Splits de keersom in twee makkelijke stukken.","4 × 7 = 28.",""
"LVL-0026","Vinci","waterModel","Watermodel","water-model-slot-2","water-model-2a","false","","","5 × 7 = ?","35","30; 35; 40; 45","multipleChoice","bare","bare_multiplication","Bare multiplication, multiple choice","multiplication","multiplication","5","Denk aan de tafel van 5.","Splits de keersom in twee makkelijke stukken.","5 × 7 = 35.",""
"LVL-0026","Vinci","waterModel","Watermodel","water-model-slot-2","water-model-2b","false","","","6 × 9 = ?","54","","open","bare","bare_multiplication","Bare multiplication, open answer","multiplication","multiplication","6","Denk aan de tafel van 6.","Splits de keersom in twee makkelijke stukken.","6 × 9 = 54.",""
"LVL-0026","Vinci","waterModel","Watermodel","water-model-slot-3","water-model-3a","false","","","7 × 8 = ?","56","49; 56; 63; 70","multipleChoice","bare","bare_multiplication","Bare multiplication, multiple choice","multiplication","multiplication","7","Denk aan de tafel van 7.","Splits de keersom in twee makkelijke stukken.","7 × 8 = 56.",""
"LVL-0026","Vinci","waterModel","Watermodel","water-model-slot-3","water-model-3b","false","","","8 × 10 = ?","80","","open","bare","bare_multiplication","Bare multiplication, open answer","multiplication","multiplication","8","Denk aan de tafel van 8.","Splits de keersom in twee makkelijke stukken.","8 × 10 = 80.",""
"LVL-0026","Vinci","waterModel","Watermodel","water-model-slot-4","water-model-4a","false","","","9 × 11 = ?","99","90; 99; 108; 117","multipleChoice","bare","bare_multiplication","Bare multiplication, multiple choice","multiplication","multiplication","9","Denk aan de tafel van 9.","Splits de keersom in twee makkelijke stukken.","9 × 11 = 99.",""
"LVL-0026","Vinci","waterModel","Watermodel","water-model-slot-4","water-model-4b","false","","","2 × 10 = ?","20","","open","bare","bare_multiplication","Bare multiplication, open answer","multiplication","multiplication","2","Denk aan de tafel van 2.","Splits de keersom in twee makkelijke stukken.","2 × 10 = 20.",""
"LVL-0026","Vinci","opticalTable","Optische tafel","optical-table-slot-1","optical-table-1a","false","","","6 × 6 = ?","36","30; 36; 42; 48","multipleChoice","bare","bare_multiplication","Bare multiplication, multiple choice","multiplication","multiplication","6","Denk aan de tafel van 6.","Splits de keersom in twee makkelijke stukken.","6 × 6 = 36.",""
"LVL-0026","Vinci","opticalTable","Optische tafel","optical-table-slot-1","optical-table-1b","false","","","7 × 7 = ?","49","","open","bare","bare_multiplication","Bare multiplication, open answer","multiplication","multiplication","7","Denk aan de tafel van 7.","Splits de keersom in twee makkelijke stukken.","7 × 7 = 49.",""
"LVL-0026","Vinci","opticalTable","Optische tafel","optical-table-slot-2","optical-table-2a","false","","","8 × 7 = ?","56","48; 56; 64; 72","multipleChoice","bare","bare_multiplication","Bare multiplication, multiple choice","multiplication","multiplication","8","Denk aan de tafel van 8.","Splits de keersom in twee makkelijke stukken.","8 × 7 = 56.",""
"LVL-0026","Vinci","opticalTable","Optische tafel","optical-table-slot-2","optical-table-2b","false","","","9 × 8 = ?","72","","open","bare","bare_multiplication","Bare multiplication, open answer","multiplication","multiplication","9","Denk aan de tafel van 9.","Splits de keersom in twee makkelijke stukken.","9 × 8 = 72.",""
"LVL-0026","Vinci","opticalTable","Optische tafel","optical-table-slot-3","optical-table-3a","false","","","6 × 10 = ?","60","54; 60; 66; 72","multipleChoice","bare","bare_multiplication","Bare multiplication, multiple choice","multiplication","multiplication","6","Denk aan de tafel van 6.","Splits de keersom in twee makkelijke stukken.","6 × 10 = 60.",""
"LVL-0026","Vinci","opticalTable","Optische tafel","optical-table-slot-3","optical-table-3b","false","","","7 × 10 = ?","70","","open","bare","bare_multiplication","Bare multiplication, open answer","multiplication","multiplication","7","Denk aan de tafel van 7.","Splits de keersom in twee makkelijke stukken.","7 × 10 = 70.",""
"LVL-0026","Vinci","opticalTable","Optische tafel","optical-table-slot-4","optical-table-4a","false","","","8 × 13 = ?","104","96; 104; 112; 120","multipleChoice","bare","bare_multiplication","Bare multiplication, multiple choice","multiplication","multiplication","8","Denk aan de tafel van 8.","Splits de keersom in twee makkelijke stukken.","8 × 13 = 104.",""
"LVL-0026","Vinci","opticalTable","Optische tafel","optical-table-slot-4","optical-table-4b","false","","","9 × 12 = ?","108","","open","bare","bare_multiplication","Bare multiplication, open answer","multiplication","multiplication","9","Denk aan de tafel van 9.","Splits de keersom in twee makkelijke stukken.","9 × 12 = 108.",""
"LVL-0026","Vinci","centralCodex","Centrale codex","central-codex-slot-1","central-codex-1a","true","4","0","Hoe laat is het?","Vier uur","Vier uur; Vijf uur; Kwart over vier; Half vijf","multipleChoice","story","clock_reading","Clock","clock","none","","Kijk eerst naar de grote wijzer.","Gebruik daarna de kleine wijzer om het uur te vinden.","De wijzers tonen Vier uur.",""
"LVL-0026","Vinci","centralCodex","Centrale codex","central-codex-slot-1","central-codex-1b","true","6","15","Welke tijd staat op de klok?","Kwart over zes","Kwart over zes; Kwart over zeven; Half zeven; Kwart voor zeven","multipleChoice","story","clock_reading","Clock","clock","none","","Kijk eerst naar de grote wijzer.","Gebruik daarna de kleine wijzer om het uur te vinden.","De wijzers tonen Kwart over zes.",""
"LVL-0026","Vinci","centralCodex","Centrale codex","central-codex-slot-2","central-codex-2a","true","8","30","Hoe laat is het?","Half negen","Half negen; Half tien; Kwart voor negen; Acht uur","multipleChoice","story","clock_reading","Clock","clock","none","","Kijk eerst naar de grote wijzer.","Gebruik daarna de kleine wijzer om het uur te vinden.","De wijzers tonen Half negen.",""
"LVL-0026","Vinci","centralCodex","Centrale codex","central-codex-slot-2","central-codex-2b","true","10","45","Welke tijd staat op de klok?","Kwart voor elf","Kwart voor elf; Kwart voor twaalf; Tien uur; Kwart over tien","multipleChoice","story","clock_reading","Clock","clock","none","","Kijk eerst naar de grote wijzer.","Gebruik daarna de kleine wijzer om het uur te vinden.","De wijzers tonen Kwart voor elf.",""
"LVL-0026","Vinci","centralCodex","Centrale codex","central-codex-slot-3","central-codex-3a","true","12","10","Hoe laat is het?","Tien over twaalf","Tien over twaalf; Tien over een; Vijf voor half een; Tien over half een","multipleChoice","story","clock_reading","Clock","clock","none","","Kijk eerst naar de grote wijzer.","Gebruik daarna de kleine wijzer om het uur te vinden.","De wijzers tonen Tien over twaalf.",""
"LVL-0026","Vinci","centralCodex","Centrale codex","central-codex-slot-3","central-codex-3b","true","2","25","Welke tijd staat op de klok?","Vijf voor half drie","Vijf voor half drie; Vijf voor half vier; Tien over half drie; Vijf voor drie","multipleChoice","story","clock_reading","Clock","clock","none","","Kijk eerst naar de grote wijzer.","Gebruik daarna de kleine wijzer om het uur te vinden.","De wijzers tonen Vijf voor half drie.",""
"LVL-0026","Vinci","centralCodex","Centrale codex","central-codex-slot-4","central-codex-4a","true","5","40","Hoe laat is het?","Tien over half zes","Tien over half zes; Tien over half zeven; Vijf voor zes; Tien over vijf","multipleChoice","story","clock_reading","Clock","clock","none","","Kijk eerst naar de grote wijzer.","Gebruik daarna de kleine wijzer om het uur te vinden.","De wijzers tonen Tien over half zes.",""
"LVL-0026","Vinci","centralCodex","Centrale codex","central-codex-slot-4","central-codex-4b","true","7","55","Welke tijd staat op de klok?","Vijf voor acht","Vijf voor acht; Vijf voor negen; Tien over zeven; Vijf voor half acht","multipleChoice","story","clock_reading","Clock","clock","none","","Kijk eerst naar de grote wijzer.","Gebruik daarna de kleine wijzer om het uur te vinden.","De wijzers tonen Vijf voor acht.",""
"LVL-0026","Vinci","wingConstruction","Vleugelconstructie","wing-construction-slot-1","wing-construction-1a","false","","","6 × 7 = ?","42","36; 42; 48; 54","multipleChoice","bare","bare_multiplication","Bare multiplication, multiple choice","multiplication","multiplication","6","Denk aan de tafel van 6.","Splits de keersom in twee makkelijke stukken.","6 × 7 = 42.",""
"LVL-0026","Vinci","wingConstruction","Vleugelconstructie","wing-construction-slot-1","wing-construction-1b","false","","","7 × 2 = ?","14","","open","bare","bare_multiplication","Bare multiplication, open answer","multiplication","multiplication","7","Denk aan de tafel van 7.","Splits de keersom in twee makkelijke stukken.","7 × 2 = 14.",""
"LVL-0026","Vinci","wingConstruction","Vleugelconstructie","wing-construction-slot-2","wing-construction-2a","false","","","8 × 3 = ?","24","16; 24; 32; 40","multipleChoice","bare","bare_multiplication","Bare multiplication, multiple choice","multiplication","multiplication","8","Denk aan de tafel van 8.","Splits de keersom in twee makkelijke stukken.","8 × 3 = 24.",""
"LVL-0026","Vinci","wingConstruction","Vleugelconstructie","wing-construction-slot-2","wing-construction-2b","false","","","9 × 4 = ?","36","","open","bare","bare_multiplication","Bare multiplication, open answer","multiplication","multiplication","9","Denk aan de tafel van 9.","Splits de keersom in twee makkelijke stukken.","9 × 4 = 36.",""
"LVL-0026","Vinci","wingConstruction","Vleugelconstructie","wing-construction-slot-3","wing-construction-3a","false","","","6 × 13 = ?","78","72; 78; 84; 90","multipleChoice","bare","bare_multiplication","Bare multiplication, multiple choice","multiplication","multiplication","6","Denk aan de tafel van 6.","Splits de keersom in twee makkelijke stukken.","6 × 13 = 78.",""
"LVL-0026","Vinci","wingConstruction","Vleugelconstructie","wing-construction-slot-3","wing-construction-3b","false","","","7 × 3 = ?","21","","open","bare","bare_multiplication","Bare multiplication, open answer","multiplication","multiplication","7","Denk aan de tafel van 7.","Splits de keersom in twee makkelijke stukken.","7 × 3 = 21.",""
"LVL-0026","Vinci","wingConstruction","Vleugelconstructie","wing-construction-slot-4","wing-construction-4a","false","","","8 × 6 = ?","48","40; 48; 56; 64","multipleChoice","bare","bare_multiplication","Bare multiplication, multiple choice","multiplication","multiplication","8","Denk aan de tafel van 8.","Splits de keersom in twee makkelijke stukken.","8 × 6 = 48.",""
"LVL-0026","Vinci","wingConstruction","Vleugelconstructie","wing-construction-slot-4","wing-construction-4b","false","","","9 × 7 = ?","63","","open","bare","bare_multiplication","Bare multiplication, open answer","multiplication","multiplication","9","Denk aan de tafel van 9.","Splits de keersom in twee makkelijke stukken.","9 × 7 = 63.",""
"LVL-0026","Vinci","designBoard","Ontwerpbord","design-board-slot-1","design-board-1a","true","9","0","Hoe laat is het?","Negen uur","Negen uur; Tien uur; Kwart over negen; Half tien","multipleChoice","story","clock_reading","Clock","clock","none","","Kijk eerst naar de grote wijzer.","Gebruik daarna de kleine wijzer om het uur te vinden.","De wijzers tonen Negen uur.",""
"LVL-0026","Vinci","designBoard","Ontwerpbord","design-board-slot-1","design-board-1b","true","11","15","Welke tijd staat op de klok?","Kwart over elf","Kwart over elf; Kwart over twaalf; Half twaalf; Kwart voor twaalf","multipleChoice","story","clock_reading","Clock","clock","none","","Kijk eerst naar de grote wijzer.","Gebruik daarna de kleine wijzer om het uur te vinden.","De wijzers tonen Kwart over elf.",""
"LVL-0026","Vinci","designBoard","Ontwerpbord","design-board-slot-2","design-board-2a","true","1","30","Hoe laat is het?","Half twee","Half twee; Half drie; Kwart voor twee; Een uur","multipleChoice","story","clock_reading","Clock","clock","none","","Kijk eerst naar de grote wijzer.","Gebruik daarna de kleine wijzer om het uur te vinden.","De wijzers tonen Half twee.",""
"LVL-0026","Vinci","designBoard","Ontwerpbord","design-board-slot-2","design-board-2b","true","3","45","Welke tijd staat op de klok?","Kwart voor vier","Kwart voor vier; Kwart voor vijf; Drie uur; Kwart over drie","multipleChoice","story","clock_reading","Clock","clock","none","","Kijk eerst naar de grote wijzer.","Gebruik daarna de kleine wijzer om het uur te vinden.","De wijzers tonen Kwart voor vier.",""
"LVL-0026","Vinci","designBoard","Ontwerpbord","design-board-slot-3","design-board-3a","true","5","5","Hoe laat is het?","Vijf over vijf","Vijf over vijf; Vijf over zes; Tien voor half zes; Vijf over half zes","multipleChoice","story","clock_reading","Clock","clock","none","","Kijk eerst naar de grote wijzer.","Gebruik daarna de kleine wijzer om het uur te vinden.","De wijzers tonen Vijf over vijf.",""
"LVL-0026","Vinci","designBoard","Ontwerpbord","design-board-slot-3","design-board-3b","true","7","20","Welke tijd staat op de klok?","Tien voor half acht","Tien voor half acht; Tien voor half negen; Vijf over half acht; Tien voor acht","multipleChoice","story","clock_reading","Clock","clock","none","","Kijk eerst naar de grote wijzer.","Gebruik daarna de kleine wijzer om het uur te vinden.","De wijzers tonen Tien voor half acht.",""
"LVL-0026","Vinci","designBoard","Ontwerpbord","design-board-slot-4","design-board-4a","true","10","35","Hoe laat is het?","Vijf over half elf","Vijf over half elf; Vijf over half twaalf; Tien voor elf; Vijf over tien","multipleChoice","story","clock_reading","Clock","clock","none","","Kijk eerst naar de grote wijzer.","Gebruik daarna de kleine wijzer om het uur te vinden.","De wijzers tonen Vijf over half elf.",""
"LVL-0026","Vinci","designBoard","Ontwerpbord","design-board-slot-4","design-board-4b","true","12","50","Welke tijd staat op de klok?","Tien voor een","Tien voor een; Tien voor twee; Vijf over twaalf; Tien voor half een","multipleChoice","story","clock_reading","Clock","clock","none","","Kijk eerst naar de grote wijzer.","Gebruik daarna de kleine wijzer om het uur te vinden.","De wijzers tonen Tien voor een.",""